UNIXTime,Radiation,Temperature,Pressure,Humidity,WindDirection(Degrees),Speed,Hour,Day
1475189722,1004.51935,63,30.44,54,130.14,9.0,12,29
1475189420,1018.0955,62,30.44,51,21.54,10.12,12,29
1475189119,979.9917,62,30.44,45,70.89,15.75,12,29
1475188820,1029.6477,63,30.45,46,59.62,12.37,12,29
1475188520,1033.1062,63,30.45,43,79.08,7.87,12,29
1475188219,1033.2405,63,30.45,43,359.46,5.62,12,29
1475187921,1034.8514,63,30.45,40,59.89,4.5,12,29
1475187620,1038.4248,63,30.45,39,40.66,6.75,12,29
1475187320,1017.87366,64,30.46,41,20.44,14.62,12,29
1475187024,1037.6594,64,30.45,41,40.4,13.5,12,29
1475186720,1035.4342,63,30.45,41,117.62,4.5,12,29
1475186427,1037.5355,63,30.46,42,354.78,1.12,12,29
1475103319,1009.84973,63,30.4,56,55.92,13.5,12,28
1475103023,1014.3719,63,30.4,55,17.42,6.75,12,28
1475102723,1010.9937,64,30.39,55,84.77,6.75,12,28
1475102419,1017.9863,64,30.4,53,30.74,11.25,12,28
1475102119,1024.0934,64,30.4,53,33.64,10.12,12,28
1475101823,990.5132,64,30.4,52,26.38,13.5,12,28
1475101524,1019.9371,63,30.4,49,57.98,6.75,12,28
1475101219,1026.8289,63,30.4,51,359.93,4.5,12,28
1475100919,1026.2759,63,30.4,56,35.44,7.87,12,28
1475100624,1009.12366,63,30.4,53,6.47,5.62,12,28
1475100025,1027.049,63,30.4,56,359.93,7.87,12,28
1475016921,263.64893,60,30.39,79,32.8,4.5,12,27
1475016622,285.7598,60,30.39,82,11.4,3.37,12,27
1475016321,331.41513,60,30.39,80,5.97,5.62,12,27
1475016021,264.0906,60,30.39,81,6.53,9.0,12,27
1475015720,282.2501,61,30.39,79,10.02,6.75,12,27
1475015419,251.7251,61,30.39,78,0.1,1.12,12,27
1475015118,251.76277,61,30.39,77,25.11,10.12,12,27
1475014822,351.9134,61,30.39,76,26.11,9.0,12,27
1475014523,459.042,62,30.4,73,0.11,13.5,12,27
1475014221,425.96985,64,30.4,71,1.36,11.25,12,27
1475013922,1056.6161,63,30.4,70,336.36,5.62,12,27
1475013625,783.82764,64,30.4,71,26.87,5.62,12,27
1474930520,1026.4384,60,30.41,69,34.13,11.25,12,26
1474930220,1031.1798,60,30.41,66,339.4,4.5,12,26
1474929925,1025.549,60,30.41,63,13.74,6.75,12,26
1474929627,1025.3018,60,30.42,61,341.03,9.0,12,26
1474929321,1030.1014,60,30.42,62,43.27,12.37,12,26
1474929021,972.405,60,30.42,66,14.64,11.25,12,26
1474844122,1034.0876,63,30.47,67,359.92,9.0,12,25
1474843821,1030.594,63,30.47,62,11.36,7.87,12,25
1474843525,1037.5167,63,30.47,61,350.56,11.25,12,25
1474843221,1026.9598,63,30.47,60,43.99,11.25,12,25
1474842921,980.83954,63,30.47,56,336.46,4.5,12,25
1474842621,1035.8959,63,30.47,54,36.15,6.75,12,25
1474842324,1018.197,63,30.47,52,3.41,7.87,12,25
1474842023,1041.342,63,30.47,54,359.91,7.87,12,25
1474841721,1045.946,64,30.48,49,359.92,5.62,12,25
1474841424,1042.0828,64,30.48,48,0.11,5.62,12,25
1474841120,1044.2067,64,30.48,46,1.61,11.25,12,25
1474840821,1043.9788,64,30.48,43,3.03,11.25,12,25
1474757721,482.33197,60,30.46,91,359.93,7.87,12,24
1474757425,626.0301,60,30.46,91,2.37,7.87,12,24
1474757122,626.1043,60,30.46,90,0.11,6.75,12,24
1474756821,1228.096,59,30.46,89,17.67,6.75,12,24
1474756527,302.55127,59,30.47,89,0.86,5.62,12,24
1474756220,273.37656,59,30.47,89,336.31,5.62,12,24
1474755922,161.22183,60,30.47,88,18.26,9.0,12,24
1474755618,114.415375,60,30.47,89,358.25,5.62,12,24
1474755320,132.2497,60,30.47,89,332.06,5.62,12,24
1474755021,147.42958,61,30.47,88,1.74,10.12,12,24
1474754725,131.42542,61,30.47,84,11.26,5.62,12,24
1474754420,96.6918,62,30.47,84,307.15,6.75,12,24
1474671320,438.14886,61,30.44,82,130.32,7.87,12,23
1474671019,583.6659,61,30.44,83,29.23,5.62,12,23
1474670718,518.1008,60,30.44,86,95.87,6.75,12,23
1474670421,427.8529,60,30.44,85,6.28,3.37,12,23
1474670118,296.24216,60,30.45,85,110.22,7.87,12,23
1474669824,272.41553,60,30.45,85,73.39,6.75,12,23
1474669523,227.49254,60,30.45,85,119.22,7.87,12,23
1474669220,188.24991,61,30.45,85,121.03,12.37,12,23
1474668922,177.82472,61,30.45,85,111.97,6.75,12,23
1474668620,522.3865,62,30.45,82,124.92,5.62,12,23
1474668326,583.7591,62,30.45,85,127.16,15.75,12,23
1474668019,1296.0801,60,30.45,89,55.83,7.87,12,23
1474584923,1027.326,70,30.42,42,126.67,13.5,12,22
1474584623,1043.1145,70,30.42,41,123.91,11.25,12,22
1474584322,1047.8389,70,30.42,41,154.89,11.25,12,22
1474584019,1046.0701,70,30.42,39,179.37,16.87,12,22
1474583719,1045.5696,71,30.42,36,129.04,13.5,12,22
1474583419,1048.1454,70,30.42,38,169.69,10.12,12,22
1474583121,1039.5907,70,30.42,37,136.29,13.5,12,22
1474582820,1039.7441,70,30.42,37,137.95,13.5,12,22
1474582522,1047.9476,70,30.42,41,155.62,11.25,12,22
1474582219,1046.2225,70,30.42,38,92.03,11.25,12,22
1474581921,1011.29486,71,30.43,32,84.45,3.37,12,22
1474581618,1043.1096,70,30.43,32,116.57,15.75,12,22
1474498522,1041.4575,59,30.4,81,30.1,7.87,12,21
1474498222,922.9765,59,30.41,81,12.94,10.12,12,21
1474497920,758.16864,59,30.41,82,351.92,5.62,12,21
1474497621,901.35675,59,30.41,83,24.81,5.62,12,21
1474497322,765.1126,58,30.41,84,336.49,5.62,12,21
1474497021,670.48376,59,30.41,84,327.3,5.62,12,21
1474496720,770.86664,59,30.41,83,107.91,3.37,12,21
1474496423,830.51117,58,30.41,85,53.97,5.62,12,21
1474496121,933.755,57,30.41,87,359.65,6.75,12,21
1474495821,932.6714,57,30.41,90,43.83,9.0,12,21
1474495520,579.68994,58,30.42,89,13.01,4.5,12,21
1474495221,997.9422,57,30.42,89,11.98,2.25,12,21
1474412104,1038.1644,65,30.4,57,2.26,5.62,12,20
1474411804,1028.8992,65,30.4,57,8.03,10.12,12,20
1474411508,1045.4805,64,30.4,58,42.07,9.0,12,20
1474411207,1050.1724,64,30.4,52,0.18,7.87,12,20
1474410910,989.4403,63,30.4,43,0.12,4.5,12,20
1474410605,1052.4735,63,30.41,39,1.66,6.75,12,20
1474410304,1055.972,62,30.41,54,22.13,3.37,12,20
1474410008,1056.7728,62,30.41,65,7.21,6.75,12,20
1474409708,1061.4838,63,30.41,62,42.29,10.12,12,20
1474409407,1061.9614,63,30.41,65,8.9,6.75,12,20
1474409116,1060.8231,63,30.41,61,36.06,10.12,12,20
1474408805,1055.7986,63,30.41,60,47.89,4.5,12,20
1474325705,1057.6305,66,30.43,28,39.73,5.62,12,19
1474325406,1077.7025,67,30.43,27,22.62,5.62,12,19
1474325103,1033.7759,67,30.43,22,21.1,11.25,12,19
1474324804,995.3431,67,30.43,25,47.33,10.12,12,19
1474324508,1061.9062,67,30.43,22,21.31,5.62,12,19
1474324205,1056.3156,67,30.44,22,12.41,10.12,12,19
1474323908,1007.7983,67,30.44,15,16.44,4.5,12,19
1474323612,1082.2921,67,30.44,19,39.22,6.75,12,19
1474323302,1083.6926,67,30.44,26,17.73,6.75,12,19
1474323006,1070.8398,67,30.44,25,29.86,7.87,12,19
1474322706,1075.3695,67,30.44,25,350.71,4.5,12,19
1474322404,1070.9534,67,30.44,25,338.01,7.87,12,19
1474239306,1025.2545,61,30.46,82,37.26,7.87,12,18
1474238702,931.36646,62,30.46,80,0.22,6.75,12,18
1474238406,1031.2048,62,30.46,78,57.05,5.62,12,18
1474238107,1033.2937,62,30.46,78,23.43,6.75,12,18
1474237804,1036.2744,62,30.46,76,35.34,7.87,12,18
1474237504,1021.7561,63,30.46,77,64.67,5.62,12,18
1474237206,948.45026,62,30.46,78,26.91,3.37,12,18
1474236910,1036.0205,62,30.47,77,11.08,7.87,12,18
1474236607,1026.3843,61,30.47,78,32.47,6.75,12,18
1474236305,1039.522,62,30.47,76,359.43,6.75,12,18
1474236006,1039.3241,62,30.47,74,29.49,6.75,12,18
1474152903,589.9824,59,30.47,92,4.34,10.12,12,17
1474152602,780.6828,59,30.47,93,75.96,9.0,12,17
1474152307,715.4803,59,30.48,92,32.05,9.0,12,17
1474152008,755.24225,59,30.48,92,354.86,5.62,12,17
1474151705,725.33545,59,30.48,93,107.81,7.87,12,17
1474151406,719.9182,59,30.48,93,93.47,10.12,12,17
1474151105,659.3607,59,30.48,94,14.91,7.87,12,17
1474150804,697.08453,58,30.48,95,74.57,10.12,12,17
1474150504,894.5537,58,30.48,98,37.01,5.62,12,17
1474150208,669.66693,58,30.49,98,347.88,4.5,12,17
1474149908,744.49084,58,30.48,99,30.71,1.12,12,17
1474149607,671.63354,58,30.48,99,0.62,4.5,12,17
1474066502,1075.7345,59,30.47,86,38.8,9.0,12,16
1474066204,1260.0386,60,30.46,84,110.78,13.5,12,16
1474065903,926.81195,60,30.46,83,39.61,13.5,12,16
1474065608,1112.1987,60,30.47,83,0.12,9.0,12,16
1474065304,1018.7447,60,30.47,84,49.05,4.5,12,16
1474065004,1038.714,60,30.47,84,43.98,4.5,12,16
1474064705,1047.8303,60,30.47,83,329.87,6.75,12,16
1474064407,1108.776,60,30.47,83,80.81,3.37,12,16
1474064109,1015.59235,59,30.47,83,53.96,5.62,12,16
1474063804,1218.0573,59,30.48,84,41.87,5.62,12,16
1474063503,1262.7272,59,30.48,83,38.01,6.75,12,16
1474063207,1126.3961,60,30.47,83,90.32,15.75,12,16
1473978305,72.58168,54,30.46,88,120.08,2.25,12,15
1473893706,534.1779,68,30.43,59,186.9,11.25,12,14
1473893406,1206.7933,65,30.44,63,202.69,9.0,12,14
1473893103,392.73938,65,30.44,65,193.5,9.0,12,14
1473892803,457.94424,66,30.44,65,189.51,9.0,12,14
1473892504,565.1134,66,30.44,69,173.68,12.37,12,14
1473892205,903.7265,66,30.44,63,181.48,10.12,12,14
1473891905,597.08203,65,30.44,66,155.13,9.0,12,14
1473891603,347.6616,63,30.45,70,193.64,5.62,12,14
1473891304,1222.6571,60,30.44,76,135.02,5.62,12,14
1473891004,388.3896,60,30.44,77,98.87,3.37,12,14
1473890702,329.6926,59,30.45,77,17.59,5.62,12,14
1473890405,314.79898,59,30.45,79,29.11,7.87,12,14
1473807307,223.6412,61,30.43,83,69.39,15.75,12,13
1473807008,202.09413,62,30.43,82,35.89,4.5,12,13
1473806706,210.5361,62,30.43,79,355.26,6.75,12,13
1473806403,260.80283,62,30.44,80,47.38,3.37,12,13
1473806109,358.0547,62,30.44,79,9.13,9.0,12,13
1473805805,213.11777,63,30.44,77,58.44,4.5,12,13
1473805504,303.09882,64,30.44,77,58.68,6.75,12,13
1473805205,231.42369,65,30.45,73,46.65,18.0,12,13
1473804909,824.4868,67,30.45,69,27.09,9.0,12,13
1473804608,1172.6318,69,30.46,59,81.49,7.87,12,13
1473804307,1208.6277,68,30.46,48,322.67,10.12,12,13
1473804006,1204.4174,68,30.46,48,323.09,10.12,12,13
1473720922,171.63107,61,30.49,86,25.51,3.37,12,12
1473720623,157.307,61,30.49,85,43.21,9.0,12,12
1473720323,234.80333,61,30.49,85,25.01,2.25,12,12
1473720022,109.84128,61,30.49,85,349.15,4.5,12,12
1473719421,182.17453,61,30.5,84,5.5,6.75,12,12
1473719119,247.34369,62,30.5,84,15.44,9.0,12,12
1473718823,159.54453,62,30.5,82,8.41,5.62,12,12
1473718522,196.54904,63,30.51,78,6.22,10.12,12,12
1473718222,162.35983,63,30.5,78,273.73,7.87,12,12
1473717918,183.94542,63,30.5,78,337.23,1.12,12,12
1473717623,163.37802,63,30.5,77,1.14,4.5,12,12
1473634518,255.60884,61,30.47,82,48.39,9.0,12,11
1473634222,302.228,61,30.47,81,58.2,7.87,12,11
1473633918,410.12482,62,30.47,80,12.37,7.87,12,11
1473633620,446.40488,61,30.47,80,39.73,2.25,12,11
1473633318,341.24533,61,30.48,81,60.29,7.87,12,11
1473633026,531.2161,60,30.48,81,30.05,5.62,12,11
1473632725,391.7914,61,30.48,81,34.51,9.0,12,11
1473632420,499.77344,60,30.48,80,51.21,1.12,12,11
1473632122,452.717,60,30.48,81,15.28,7.87,12,11
1473631819,487.73932,60,30.48,82,26.71,4.5,12,11
1473631524,446.50882,60,30.49,82,29.32,9.0,12,11
1473631222,363.45627,59,30.49,82,2.78,4.5,12,11
1473288923,919.68445,59,30.43,80,1.88,4.5,12,7
1473202522,1001.72736,58,30.41,75,20.92,4.5,12,6
1473202223,1060.6572,59,30.41,72,44.83,4.5,12,6
1473201921,1067.5322,58,30.41,77,32.89,4.5,12,6
1473201619,1068.8815,58,30.42,76,28.94,5.62,12,6
1473201321,1021.8187,58,30.42,78,46.86,6.75,12,6
1473201022,1073.7062,58,30.42,78,36.17,6.75,12,6
1473200719,1046.0082,58,30.42,81,358.32,4.5,12,6
1473200424,642.89453,58,30.42,82,26.1,7.87,12,6
1473200124,673.04004,58,30.42,81,335.75,7.87,12,6
1473199826,1078.3092,58,30.42,80,0.71,6.75,12,6
1473199520,1066.0149,58,30.42,81,28.2,7.87,12,6
1473199224,1094.1987,58,30.42,82,7.68,3.37,12,6
1473116105,1064.3636,64,30.43,67,331.74,9.0,12,5
1473115805,1068.9858,63,30.43,67,305.68,6.75,12,5
1473115504,1064.9099,64,30.43,67,296.87,11.25,12,5
1473115204,1073.2091,64,30.43,66,313.94,9.0,12,5
1473114903,1072.2494,64,30.43,67,301.67,6.75,12,5
1473114605,1069.8042,63,30.43,66,300.47,6.75,12,5
1473114303,1071.7378,63,30.43,67,330.27,7.87,12,5
1473113707,1072.722,63,30.43,67,316.06,7.87,12,5
1473113409,1069.6572,63,30.44,65,311.36,7.87,12,5
1473113106,1068.0874,63,30.44,66,323.33,6.75,12,5
1473112809,1065.5726,63,30.44,65,307.86,11.25,12,5
1473029705,278.3654,59,30.46,96,30.13,4.5,12,4
1473029408,729.4259,61,30.46,96,1.84,9.0,12,4
1473029106,395.46738,61,30.47,93,19.1,4.5,12,4
1473028817,800.89465,61,30.47,90,33.62,6.75,12,4
1473028504,982.03326,62,30.47,90,19.61,9.0,12,4
1473028204,779.55457,62,30.47,91,39.69,11.25,12,4
1473027905,596.30975,61,30.47,92,10.97,5.62,12,4
1473027608,583.45514,61,30.47,94,39.73,5.62,12,4
1473027304,1562.8313,61,30.47,93,3.56,9.0,12,4
1473027007,423.15778,61,30.47,92,36.96,6.75,12,4
1473026704,649.4056,61,30.47,90,43.14,7.87,12,4
1473026404,798.89954,61,30.47,90,36.94,3.37,12,4
1472943303,183.35637,57,30.44,98,103.45,4.5,12,3
1472943007,153.34732,58,30.44,97,86.73,6.75,12,3
1472942704,135.80388,58,30.45,97,89.09,4.5,12,3
1472942403,172.99512,58,30.45,96,140.63,4.5,12,3
1472942106,161.38954,58,30.45,96,132.36,4.5,12,3
1472941806,131.78723,58,30.45,96,128.93,5.62,12,3
1472941505,180.11232,58,30.45,96,95.7,4.5,12,3
1472941204,140.75261,58,30.45,96,6.98,2.25,12,3
1472940907,127.02963,59,30.45,96,94.79,2.25,12,3
1472940603,59.90678,59,30.45,95,116.78,3.37,12,3
1472940309,298.05487,59,30.45,95,5.42,5.62,12,3
1472940004,62.31418,60,30.45,93,23.87,5.62,12,3
1472856906,1048.6194,64,30.45,61,45.63,13.5,12,2
1472856603,1052.9148,65,30.45,61,37.12,11.25,12,2
1472856303,1053.9587,65,30.45,58,30.87,11.25,12,2
1472856007,1054.8921,65,30.45,44,95.75,5.62,12,2
1472855703,1054.5099,65,30.45,47,33.55,4.5,12,2
1472855404,1058.6779,65,30.45,50,22.28,7.87,12,2
1472855105,1060.5315,65,30.45,51,260.51,5.62,12,2
1472854806,1058.1697,65,30.45,47,71.76,5.62,12,2
1472854502,1051.8408,65,30.45,49,107.23,4.5,12,2
1472854205,1055.2535,65,30.46,48,8.77,10.12,12,2
1472853904,1058.3772,65,30.45,49,91.85,6.75,12,2
1472853602,1053.3529,64,30.46,49,1.8,3.37,12,2
1472769906,1068.0289,61,30.45,62,65.54,4.5,12,1
1472769605,1072.1846,60,30.45,60,63.24,11.25,12,1
1472769007,1071.6409,60,30.45,68,8.97,5.62,12,1
1472768405,1071.3525,60,30.45,68,38.74,11.25,12,1
1472768109,1067.5701,60,30.46,71,105.16,6.75,12,1
1472767505,1069.9272,60,30.46,69,62.41,5.62,12,1
1472767210,1064.9299,60,30.46,73,28.35,5.62,12,1
1477954521,421.44058,52,30.46,91,26.53,11.25,12,31
1477954217,454.80917,52,30.46,91,78.31,9.0,12,31
1477953918,533.8684,52,30.46,91,107.2,5.62,12,31
1477953617,442.17612,52,30.46,90,5.99,4.5,12,31
1477953317,437.5646,52,30.47,91,44.33,9.0,12,31
1477953021,542.7846,52,30.46,89,55.82,5.62,12,31
1477952720,420.0855,52,30.47,90,72.87,10.12,12,31
1477952417,419.93442,52,30.47,93,0.12,9.0,12,31
1477952117,410.20718,53,30.47,93,16.15,7.87,12,31
1477951818,454.4673,53,30.47,93,55.51,12.37,12,31
1477951518,473.1326,54,30.47,91,354.76,5.62,12,31
1477951217,613.3333,54,30.47,89,105.05,11.25,12,31
1477868118,839.6156,55,30.44,91,144.9,7.87,12,30
1477867817,972.60956,54,30.44,91,118.93,9.0,12,30
1477867518,745.29785,54,30.45,94,147.63,4.5,12,30
1477867218,926.1024,54,30.45,96,77.1,5.62,12,30
1477866918,552.3533,53,30.45,98,60.32,4.5,12,30
1477866617,422.35468,53,30.45,99,68.8,10.12,12,30
1477866318,933.7897,52,30.45,98,135.1,5.62,12,30
1477866018,481.77258,52,30.45,96,77.53,3.37,12,30
1477865720,659.1337,53,30.45,95,95.45,6.75,12,30
1477865417,649.82916,53,30.46,92,30.47,5.62,12,30
1477865118,592.176,54,30.45,92,88.24,13.5,12,30
1477864817,1215.3737,54,30.45,90,20.03,6.75,12,30
1477781717,485.08975,50,30.41,102,79.74,7.87,12,29
1477781417,371.21664,51,30.41,102,88.49,2.25,12,29
1477781118,321.88934,51,30.41,102,47.57,10.12,12,29
1477780817,368.61526,51,30.41,102,8.01,6.75,12,29
1477780518,382.82492,51,30.41,102,25.02,6.75,12,29
1477780217,336.1852,50,30.41,101,52.81,1.12,12,29
1477779917,413.19833,51,30.42,101,35.39,10.12,12,29
1477779618,320.38266,51,30.41,102,336.53,6.75,12,29
1477779318,387.49292,51,30.41,102,57.07,6.75,12,29
1477779017,338.3045,51,30.42,102,12.35,3.37,12,29
1477778718,425.3008,51,30.42,102,355.18,2.25,12,29
1477778421,473.14407,51,30.42,102,32.32,5.62,12,29
1477695318,783.1628,49,30.39,101,63.78,3.37,12,28
1477695021,731.195,49,30.4,101,168.63,1.12,12,28
1477694720,521.04645,50,30.4,101,69.67,4.5,12,28
1477694417,479.45633,50,30.4,101,15.66,2.25,12,28
1477694119,424.7246,50,30.4,101,336.54,2.25,12,28
1477693819,447.91458,50,30.4,101,45.73,5.62,12,28
1477693519,825.6514,50,30.4,101,86.59,6.75,12,28
1477693218,512.27185,50,30.4,101,61.41,11.25,12,28
1477692917,386.51364,50,30.4,101,32.44,6.75,12,28
1477692617,741.671,50,30.4,101,12.02,4.5,12,28
1477692320,582.1523,50,30.41,101,6.13,3.37,12,28
1477692017,611.7769,50,30.41,101,29.95,2.25,12,28
1477608918,990.01404,62,30.4,54,33.5,7.87,12,27
1477608620,948.65515,63,30.4,48,357.62,1.12,12,27
1477608318,882.56055,63,30.4,37,33.01,4.5,12,27
1477608021,975.53625,63,30.4,33,336.46,3.37,12,27
1477607718,914.16644,64,30.4,31,55.32,7.87,12,27
1477607417,918.72906,63,30.4,30,359.93,5.62,12,27
1477607117,888.3987,64,30.41,43,71.28,2.25,12,27
1477606818,891.76074,64,30.41,28,121.88,2.25,12,27
1477606519,943.3019,64,30.41,41,7.12,5.62,12,27
1477606220,945.81683,63,30.41,35,17.0,3.37,12,27
1477605920,940.6182,63,30.41,41,60.32,6.75,12,27
1477605619,919.35077,63,30.42,51,131.41,4.5,12,27
1477522520,945.13403,60,30.41,54,110.98,3.37,12,26
1477522218,949.42316,60,30.41,53,97.81,5.62,12,26
1477521922,958.2524,60,30.41,53,35.75,7.87,12,26
1477521617,951.00073,60,30.41,49,71.28,4.5,12,26
1477521320,961.86017,60,30.41,51,37.86,4.5,12,26
1477521017,968.34296,61,30.41,51,85.06,9.0,12,26
1477520718,964.2205,61,30.42,48,323.76,2.25,12,26
1477520422,838.702,61,30.42,52,39.89,0.0,12,26
1477520117,968.9839,61,30.42,55,11.51,9.0,12,26
1477519817,963.75134,61,30.42,52,86.36,6.75,12,26
1477519521,969.2055,61,30.42,53,51.43,2.25,12,26
1477519219,970.87213,61,30.42,55,23.78,9.0,12,26
1477436120,942.6586,65,30.45,58,0.11,2.25,12,25
1477435824,944.17523,65,30.45,60,359.92,6.75,12,25
1477435517,955.2216,64,30.45,62,334.96,9.0,12,25
1477435217,950.79645,64,30.45,63,17.6,2.25,12,25
1477434918,958.8791,63,30.46,60,109.21,2.25,12,25
1477434618,955.7055,64,30.46,64,325.4,4.5,12,25
1477434318,956.13666,64,30.46,63,3.08,2.25,12,25
1477434018,954.934,64,30.46,63,0.11,4.5,12,25
1477433718,990.0837,63,30.46,63,357.28,7.87,12,25
1477433420,966.06445,64,30.47,61,24.8,6.75,12,25
1477433120,971.48975,64,30.47,60,33.72,7.87,12,25
1477432818,1017.04584,64,30.47,53,0.11,5.62,12,25
1477349718,942.32446,59,30.42,77,99.26,12.37,12,24
1477349420,938.11206,58,30.43,79,49.07,15.75,12,24
1477349117,929.6353,58,30.43,79,259.34,5.62,12,24
1477348820,956.191,58,30.43,79,66.58,11.25,12,24
1477348521,961.07025,58,30.43,80,94.81,11.25,12,24
1477348218,960.70306,58,30.44,80,67.08,3.37,12,24
1477347918,957.03,58,30.44,77,54.97,6.75,12,24
1477347617,937.03424,58,30.44,78,61.93,4.5,12,24
1477347317,917.05927,58,30.44,78,4.11,3.37,12,24
1477347020,847.7339,59,30.44,78,0.15,11.25,12,24
1477346718,913.74316,59,30.44,72,34.73,14.62,12,24
1477346418,949.0189,59,30.44,69,15.1,12.37,12,24
1477263317,875.6151,60,30.4,42,63.63,9.0,12,23
1477263017,948.43665,59,30.4,41,37.86,3.37,12,23
1477262721,949.95483,58,30.4,53,114.31,4.5,12,23
1477262418,907.32745,58,30.4,74,103.36,6.75,12,23
1477262117,998.04785,58,30.4,76,38.05,9.0,12,23
1477261817,983.34717,57,30.4,74,68.5,7.87,12,23
1477261517,889.3213,57,30.4,75,99.53,5.62,12,23
1477261217,981.29614,56,30.4,77,38.1,3.37,12,23
1477260918,972.4728,55,30.4,84,66.36,4.5,12,23
1477260617,974.0846,55,30.4,84,8.52,3.37,12,23
1477260321,810.1185,54,30.4,87,80.35,3.37,12,23
1477260017,870.1093,55,30.4,83,35.6,11.25,12,23
1477176917,849.45013,57,30.39,63,359.91,5.62,12,22
1477176617,961.59796,57,30.39,56,127.91,6.75,12,22
1477176318,864.2105,57,30.39,62,106.63,11.25,12,22
1477176017,967.58386,57,30.39,53,157.63,3.37,12,22
1477175718,975.2991,57,30.4,55,135.42,3.37,12,22
1477175418,976.80853,56,30.4,59,136.28,9.0,12,22
1477175118,983.1573,56,30.4,62,70.46,6.75,12,22
1477174819,984.6327,56,30.4,71,58.38,3.37,12,22
1477174518,976.95544,57,30.4,66,97.19,5.62,12,22
1477174220,985.3432,57,30.4,62,44.16,5.62,12,22
1477173918,926.7571,56,30.4,69,116.52,7.87,12,22
1477173617,982.3319,56,30.4,68,32.53,10.12,12,22
1477090517,946.57513,53,30.43,86,36.46,2.25,12,21
1477090218,692.7642,53,30.43,86,351.59,6.75,12,21
1477089917,889.7618,53,30.43,89,45.8,2.25,12,21
1477089618,955.0933,52,30.43,91,43.85,4.5,12,21
1477089317,964.35205,52,30.43,94,110.06,3.37,12,21
1477089020,968.78253,52,30.43,92,109.17,5.62,12,21
1477088717,985.633,51,30.43,93,101.68,3.37,12,21
1477088418,976.14825,51,30.43,91,79.24,12.37,12,21
1477088117,975.2692,51,30.44,93,354.27,2.25,12,21
1477087818,992.00885,51,30.44,95,8.58,3.37,12,21
1477087518,968.68005,51,30.44,95,67.95,10.12,12,21
1477087220,388.22986,51,30.44,94,74.0,6.75,12,21
1477004118,948.14557,57,30.44,63,359.0,4.5,12,20
1477003818,955.99927,57,30.45,64,24.46,6.75,12,20
1477003523,961.68225,56,30.45,66,13.26,3.37,12,20
1477003219,965.0988,56,30.45,63,42.04,4.5,12,20
1477002918,967.1772,56,30.45,61,64.02,4.5,12,20
1477002620,965.13605,56,30.45,64,32.2,9.0,12,20
1477002318,969.2703,57,30.45,62,10.04,5.62,12,20
1477002017,948.50146,57,30.45,65,68.42,3.37,12,20
1477001718,974.6825,57,30.45,61,20.58,4.5,12,20
1477001418,977.9622,56,30.46,51,14.81,3.37,12,20
1477001118,908.90576,56,30.46,55,0.12,6.75,12,20
1477000819,971.3413,56,30.46,63,42.77,10.12,12,20
1476917718,306.62143,58,30.42,93,102.55,3.37,12,19
1476917419,966.6959,58,30.43,95,93.92,9.0,12,19
1476917124,940.297,58,30.43,97,43.44,11.25,12,19
1476916820,1421.6807,58,30.43,98,25.81,1.12,12,19
1476916518,1163.9584,58,30.43,95,90.44,11.25,12,19
1476916221,634.29724,58,30.43,96,154.17,2.25,12,19
1476915918,990.76996,57,30.43,97,84.38,9.0,12,19
1476915617,380.42603,57,30.43,99,72.46,12.37,12,19
1476915320,697.0901,56,30.43,100,110.69,6.75,12,19
1476915018,494.9822,56,30.44,100,95.06,5.62,12,19
1476914721,654.6238,55,30.44,100,98.52,9.0,12,19
1476914417,898.22943,55,30.44,100,78.97,4.5,12,19
1476831318,556.96796,58,30.41,98,350.19,9.0,12,18
1476831022,556.6818,58,30.41,98,58.87,10.12,12,18
1476830718,510.4772,58,30.42,97,19.03,14.62,12,18
1476830418,1048.6316,59,30.42,96,27.82,5.62,12,18
1476830117,1025.9703,59,30.42,95,48.73,4.5,12,18
1476829818,1143.3331,60,30.42,95,61.39,4.5,12,18
1476829518,1100.9066,60,30.42,92,65.64,11.25,12,18
1476829217,1162.992,60,30.42,92,357.39,4.5,12,18
1476828917,894.15857,60,30.43,90,58.44,11.25,12,18
1476828618,992.488,60,30.43,89,33.82,7.87,12,18
1476828318,992.7042,60,30.43,91,84.3,7.87,12,18
1476828018,987.47217,60,30.43,90,305.44,10.12,12,18
1476744921,967.12976,63,30.44,58,37.94,10.12,12,17
1476744618,970.67346,63,30.44,51,37.65,13.5,12,17
1476744318,976.09186,64,30.44,48,59.51,3.37,12,17
1476744020,979.1109,64,30.44,41,359.93,9.0,12,17
1476743718,984.7396,64,30.45,41,28.97,12.37,12,17
1476743417,987.5239,64,30.45,38,32.07,12.37,12,17
1476743118,980.799,64,30.45,38,38.76,4.5,12,17
1476742817,991.77124,64,30.45,41,65.92,2.25,12,17
1476742597,992.6488,64,30.45,38,36.3,12.37,12,17
1476742218,955.1776,64,30.45,36,119.89,7.87,12,17
1476741918,989.8464,64,30.46,37,39.93,5.62,12,17
1476741618,967.2118,64,30.46,37,336.77,6.75,12,17
1476658525,985.5187,66,30.51,19,51.47,5.62,12,16
1476658223,863.4944,66,30.51,20,109.57,5.62,12,16
1476657920,460.68317,67,30.52,19,28.89,5.62,12,16
1476657619,562.43726,67,30.52,18,60.8,1.12,12,16
1476657322,833.50836,67,30.52,18,39.88,2.25,12,16
1476657021,790.9256,67,30.52,19,99.7,3.37,12,16
1476656721,932.3018,66,30.52,19,87.23,7.87,12,16
1476656417,725.6545,66,30.52,19,111.45,4.5,12,16
1476656120,711.8489,66,30.52,17,119.06,3.37,12,16
1476655822,554.5134,66,30.52,19,43.42,4.5,12,16
1476655519,620.0068,66,30.52,18,15.78,5.62,12,16
1476655220,470.99677,66,30.52,19,44.97,3.37,12,16
1476572121,984.2129,68,30.49,42,348.42,7.87,12,15
1476571823,990.9358,67,30.49,49,38.69,12.37,12,15
1476571519,990.9571,67,30.49,48,0.11,4.5,12,15
1476571222,991.555,68,30.5,46,45.74,13.5,12,15
1476570920,1001.98737,69,30.5,43,26.59,7.87,12,15
1476570622,1003.3271,69,30.5,32,31.08,7.87,12,15
1476570322,1006.577,70,30.5,25,71.61,9.0,12,15
1476570024,1008.12415,70,30.5,18,5.54,5.62,12,15
1476569722,1007.528,70,30.5,19,91.25,3.37,12,15
1476569425,1013.3463,69,30.5,19,69.33,7.87,12,15
1476569118,1010.82416,69,30.5,23,87.51,6.75,12,15
1476568819,1011.3238,68,30.5,23,50.54,9.0,12,15
1476485725,981.1979,65,30.46,62,0.11,10.12,12,14
1476485419,990.6784,65,30.46,57,42.76,6.75,12,14
1476485118,1007.54175,65,30.46,60,55.99,9.0,12,14
1476484823,998.7069,65,30.46,60,22.12,12.37,12,14
1476484522,998.36505,64,30.46,60,39.51,7.87,12,14
1476484222,1002.8929,64,30.46,61,47.12,11.25,12,14
1476483918,1003.6796,63,30.47,62,21.58,9.0,12,14
1476483625,1003.4542,63,30.47,62,23.44,9.0,12,14
1476483321,1004.2497,63,30.47,61,64.16,10.12,12,14
1476483022,1003.87994,64,30.47,60,43.03,5.62,12,14
1476482720,1004.0402,64,30.47,60,34.56,11.25,12,14
1476482423,1001.10675,63,30.47,60,14.61,3.37,12,14
1476399325,988.14343,64,30.44,53,50.91,3.37,12,13
1476399024,1006.7324,64,30.45,50,64.69,4.5,12,13
1476398723,997.9163,64,30.45,45,64.08,13.5,12,13
1476398420,1001.5824,64,30.45,42,75.25,11.25,12,13
1476398121,992.3425,63,30.45,54,49.0,5.62,12,13
1476397821,1005.43823,64,30.45,51,8.43,5.62,12,13
1476397524,1007.01166,64,30.45,50,42.93,6.75,12,13
1476397226,992.4867,65,30.45,46,61.29,6.75,12,13
1476396922,1006.3186,65,30.46,46,71.24,5.62,12,13
1476396622,968.5824,65,30.46,46,0.12,11.25,12,13
1476396320,1009.5956,66,30.46,37,108.9,10.12,12,13
1476396021,1007.17206,66,30.47,32,38.84,4.5,12,13
1476312922,1020.5008,58,30.45,90,31.04,2.25,12,12
1476312624,1123.7418,58,30.45,92,29.42,4.5,12,12
1476312320,522.5766,58,30.45,90,39.1,5.62,12,12
1476312023,714.5536,58,30.45,91,48.67,9.0,12,12
1476311723,487.7752,59,30.45,94,27.02,9.0,12,12
1476311427,571.66895,58,30.45,94,336.4,5.62,12,12
1476311120,1241.1359,57,30.46,95,323.55,3.37,12,12
1476310820,671.4304,57,30.46,96,82.65,9.0,12,12
1476310521,902.70087,57,30.46,96,60.29,3.37,12,12
1476310219,548.30597,58,30.46,97,25.15,9.0,12,12
1476309926,497.88776,58,30.46,96,127.37,5.62,12,12
1476309619,640.7154,58,30.46,95,49.51,9.0,12,12
1476226522,929.86664,59,30.43,84,47.78,7.87,12,11
1476226218,925.60284,59,30.43,83,262.51,14.62,12,11
1476225919,491.77017,60,30.43,84,64.89,6.75,12,11
1476225618,1109.1068,59,30.43,86,67.53,6.75,12,11
1476225321,936.2658,59,30.43,86,34.98,2.25,12,11
1476225021,534.29944,59,30.43,84,353.72,4.5,12,11
1476224718,808.1184,60,30.43,83,37.2,6.75,12,11
1476224422,742.5803,60,30.43,81,63.46,2.25,12,11
1476224119,996.62537,60,30.44,82,22.83,7.87,12,11
1476223823,1000.8302,60,30.44,80,355.62,4.5,12,11
1476223523,1007.6075,59,30.44,84,116.87,3.37,12,11
1476223224,993.8,59,30.44,81,2.57,9.0,12,11
1476140120,1002.12665,63,30.41,59,12.08,4.5,12,10
1476139821,1009.84,63,30.41,61,9.88,4.5,12,10
1476139519,1011.5216,62,30.42,61,35.55,5.62,12,10
1476139224,1016.464,62,30.42,64,80.66,3.37,12,10
1476138922,920.9591,63,30.42,64,184.11,2.25,12,10
1476138620,977.7365,63,30.42,69,75.88,3.37,12,10
1476138322,1030.8206,63,30.42,67,0.13,5.62,12,10
1476138023,1024.9818,63,30.42,66,55.96,5.62,12,10
1476137722,1027.6763,63,30.42,61,0.12,6.75,12,10
1476137425,1027.6936,63,30.43,62,43.67,6.75,12,10
1476137118,1025.7661,63,30.42,60,349.93,7.87,12,10
1476136822,972.1886,63,30.43,58,4.9,4.5,12,10
1476053721,1053.9587,64,30.41,63,38.77,9.0,12,9
1476053422,1072.4276,64,30.41,67,24.76,5.62,12,9
1476053119,1044.1907,64,30.41,66,27.69,9.0,12,9
1476052823,1080.0016,64,30.41,63,359.93,7.87,12,9
1476052522,1064.2131,65,30.41,61,37.01,4.5,12,9
1476052220,1061.6779,65,30.42,61,34.06,7.87,12,9
1476051921,1053.3218,65,30.42,60,336.4,9.0,12,9
1476051626,1052.037,65,30.42,59,29.62,3.37,12,9
1476051321,1038.232,65,30.42,58,76.54,6.75,12,9
1476051022,1026.1725,65,30.42,59,294.62,1.12,12,9
1476050425,1007.40936,65,30.42,61,355.27,2.25,12,9
1475967319,1041.2917,63,30.4,67,5.54,3.37,12,8
1475967022,1020.39844,63,30.4,68,336.4,4.5,12,8
1475966719,1012.4636,63,30.4,70,3.13,9.0,12,8
1475966420,1022.5545,63,30.4,66,0.55,4.5,12,8
1475966123,1040.8917,63,30.4,65,61.29,2.25,12,8
1475965821,954.12787,63,30.4,67,126.02,1.12,12,8
1475965523,1031.5808,63,30.4,66,35.92,3.37,12,8
1475965221,1047.3698,62,30.41,67,11.04,3.37,12,8
1475964921,784.90857,62,30.41,68,21.6,3.37,12,8
1475964622,851.6159,62,30.41,66,336.79,6.75,12,8
1475964322,863.3896,62,30.41,65,1.96,3.37,12,8
1475964019,948.9468,62,30.41,67,35.42,1.12,12,8
1475880925,767.75964,59,30.41,89,38.16,6.75,12,7
1475880625,943.4266,60,30.41,86,23.91,9.0,12,7
1475880320,332.75168,61,30.41,86,22.29,5.62,12,7
1475880020,594.1675,60,30.41,87,336.46,5.62,12,7
1475879719,1379.8297,60,30.41,86,23.35,3.37,12,7
1475879420,495.97278,60,30.42,86,359.92,4.5,12,7
1475879125,375.00143,60,30.42,87,311.42,4.5,12,7
1475878823,665.9624,60,30.42,82,353.49,4.5,12,7
1475878519,473.62582,60,30.42,86,15.23,2.25,12,7
1475878225,550.6454,60,30.42,89,1.88,5.62,12,7
1475877926,1185.9637,60,30.42,85,27.78,2.25,12,7
1475877627,1027.4186,60,30.42,87,34.03,6.75,12,7
1475794523,295.167,59,30.45,90,308.14,6.75,12,6
1475794249,264.1957,58,30.45,91,349.25,6.75,12,6
1475793923,140.70131,58,30.46,91,346.32,5.62,12,6
1475793622,197.11967,58,30.46,90,352.42,6.75,12,6
1475793323,260.08228,58,30.46,89,3.76,7.87,12,6
1475793019,186.89125,59,30.46,90,336.48,9.0,12,6
1475792740,234.54938,59,30.46,91,333.24,9.0,12,6
1475792420,254.27058,59,30.46,90,333.68,0.0,12,6
1475792120,442.55344,59,30.46,89,306.82,12.37,12,6
1475791822,371.67862,60,30.47,88,308.42,7.87,12,6
1475791532,363.33624,60,30.47,87,316.29,7.87,12,6
1475791225,432.63892,60,30.47,87,332.55,7.87,12,6
1475708121,397.86835,56,30.44,101,33.9,4.5,12,5
1475707823,583.38544,56,30.44,101,13.16,5.62,12,5
1475707518,290.21414,56,30.44,101,72.49,6.75,12,5
1475707222,425.9878,56,30.44,101,28.84,4.5,12,5
1475706920,242.67743,56,30.45,101,37.55,7.87,12,5
1475706624,596.92896,57,30.44,101,18.41,5.62,12,5
1475706320,616.34143,57,30.45,101,352.58,4.5,12,5
1475706022,640.1069,57,30.45,100,35.1,6.75,12,5
1475705721,562.2317,57,30.45,100,56.35,4.5,12,5
1475705422,470.902,58,30.45,101,20.2,5.62,12,5
1475705118,983.9606,57,30.45,100,68.67,9.0,12,5
1475704821,472.28897,58,30.45,100,59.79,10.12,12,5
1475621719,1030.1124,56,30.44,102,16.98,6.75,12,4
1475621419,383.16583,56,30.44,102,12.3,9.0,12,4
1475621123,380.40652,56,30.44,102,274.77,2.25,12,4
1475620826,339.923,56,30.44,102,63.43,6.75,12,4
1475620521,617.1602,56,30.44,102,14.42,3.37,12,4
1475620221,507.88864,56,30.45,102,12.23,7.87,12,4
1475619923,714.447,56,30.45,102,16.91,4.5,12,4
1475619625,578.9047,56,30.45,102,0.12,5.62,12,4
1475619321,624.5481,56,30.45,102,62.46,3.37,12,4
1475619023,260.1752,56,30.45,101,48.83,3.37,12,4
1475618722,295.7221,56,30.45,101,0.28,3.37,12,4
1475618420,262.0171,56,30.45,101,27.54,5.62,12,4
1475535320,219.58464,54,30.44,101,75.44,3.37,12,3
1475535020,257.57565,55,30.44,101,314.76,7.87,12,3
1475534721,258.05664,54,30.44,101,30.04,4.5,12,3
1475534419,358.2403,54,30.44,101,83.95,5.62,12,3
1475534123,382.33218,55,30.44,101,7.62,2.25,12,3
1475533820,394.3995,54,30.45,101,53.26,5.62,12,3
1475533523,408.25705,54,30.45,101,359.93,4.5,12,3
1475533222,369.16095,55,30.45,101,54.98,9.0,12,3
1475532921,459.02075,55,30.45,101,163.52,2.25,12,3
1475532620,394.423,54,30.45,101,65.84,5.62,12,3
1475532318,493.87308,54,30.45,101,81.45,4.5,12,3
1475532020,373.78677,54,30.45,101,0.1,5.62,12,3
1475448922,977.61163,59,30.43,90,94.73,10.12,12,2
1475448628,579.4662,58,30.43,93,336.49,5.62,12,2
1475448318,970.0009,57,30.43,96,72.73,7.87,12,2
1475448025,673.96216,56,30.44,98,51.82,7.87,12,2
1475447725,609.55334,56,30.44,99,35.58,4.5,12,2
1475447425,510.0287,57,30.44,99,68.21,9.0,12,2
1475447122,621.4642,57,30.44,99,34.23,6.75,12,2
1475446823,551.7543,57,30.45,98,98.59,3.37,12,2
1475446521,544.42377,57,30.45,98,344.8,6.75,12,2
1475446221,422.60275,57,30.45,97,22.41,6.75,12,2
1475445919,717.9737,57,30.45,97,43.89,2.25,12,2
1475445621,847.15393,57,30.45,96,66.56,6.75,12,2
1475362521,864.2108,58,30.44,93,16.08,3.37,12,1
1475362219,1147.3501,58,30.44,94,55.98,9.0,12,1
1475361920,982.1777,58,30.44,94,57.11,7.87,12,1
1475361619,955.51434,58,30.44,95,6.63,9.0,12,1
1475361321,1087.0957,58,30.45,95,81.51,11.25,12,1
1475361023,1105.7026,57,30.45,96,74.71,5.62,12,1
1475360721,1199.1575,57,30.45,97,61.85,9.0,12,1
1475360421,825.775,57,30.45,97,127.04,4.5,12,1
1475360120,1216.979,56,30.45,97,68.49,6.75,12,1
1475359818,935.503,56,30.45,98,48.94,13.5,12,1
1475359520,833.4686,56,30.45,98,7.8,9.0,12,1
1475359224,857.25793,57,30.46,99,17.83,14.62,12,1
1480460108,584.28906,49,30.4,99,54.82,9.0,12,29
1480459801,614.5593,50,30.4,99,68.86,4.5,12,29
1480459501,429.563,50,30.4,99,10.51,6.75,12,29
1480459205,727.8503,50,30.4,99,93.1,5.62,12,29
1480458901,395.65918,49,30.41,100,359.94,3.37,12,29
1480458601,458.0599,49,30.41,100,10.47,6.75,12,29
1480458305,689.624,49,30.41,100,54.04,11.25,12,29
1480458001,515.87854,49,30.41,100,13.29,9.0,12,29
1480457701,705.26605,49,30.41,100,72.39,15.75,12,29
1480457402,684.80084,48,30.41,99,76.93,4.5,12,29
1480457104,463.705,49,30.41,99,132.61,2.25,12,29
1480456804,520.76733,49,30.41,99,90.12,7.87,12,29
1480373719,876.26404,61,30.44,26,23.63,4.5,12,28
1480373421,878.6012,61,30.44,22,73.63,10.12,12,28
1480373120,880.582,61,30.44,24,45.51,3.37,12,28
1480372822,884.72595,61,30.44,20,347.31,3.37,12,28
1480372518,881.78107,61,30.45,25,47.95,6.75,12,28
1480372218,815.24207,61,30.45,31,98.91,2.25,12,28
1480371918,884.6248,61,30.45,28,80.23,5.62,12,28
1480371618,885.3379,61,30.45,21,24.89,6.75,12,28
1480371320,898.46875,61,30.45,24,76.24,13.5,12,28
1480371017,862.89166,61,30.45,23,121.31,6.75,12,28
1480370722,884.54816,61,30.45,25,106.53,3.37,12,28
1480370421,886.66,61,30.45,24,35.07,5.62,12,28
1480287317,762.17267,56,30.45,74,118.84,2.25,12,27
1480287017,867.06036,57,30.45,74,26.48,7.87,12,27
1480286718,873.2255,57,30.45,73,201.63,4.5,12,27
1480286417,879.34576,57,30.45,68,10.05,13.5,12,27
1480286118,878.8572,58,30.46,63,98.49,4.5,12,27
1480285818,880.6769,58,30.46,66,110.51,4.5,12,27
1480285518,855.11304,57,30.46,62,84.68,4.5,12,27
1480285218,873.7663,56,30.46,70,54.02,6.75,12,27
1480284917,874.99786,56,30.46,73,79.41,5.62,12,27
1480284620,871.4711,56,30.46,69,112.46,9.0,12,27
1480284321,872.7985,55,30.47,78,77.63,7.87,12,27
1480284021,872.07275,55,30.47,81,56.07,10.12,12,27
1480200917,780.78754,57,30.43,66,76.26,10.12,12,26
1480200620,845.13617,57,30.43,68,90.67,9.0,12,26
1480200318,868.96265,57,30.43,78,76.96,9.0,12,26
1480200018,809.02106,57,30.43,77,123.68,7.87,12,26
1480199720,853.66626,57,30.44,77,71.41,7.87,12,26
1480199418,874.23926,57,30.44,71,54.64,15.75,12,26
1480199118,786.6146,58,30.44,73,81.55,2.25,12,26
1480198819,765.32965,58,30.44,71,353.85,3.37,12,26
1480198517,787.6129,58,30.45,59,100.8,6.75,12,26
1480198217,840.11816,56,30.44,74,49.36,9.0,12,26
1480197917,744.4118,56,30.45,82,23.0,5.62,12,26
1480197618,694.6424,56,30.45,77,99.08,6.75,12,26
1480114504,878.0763,48,30.45,95,153.98,6.75,12,25
1480114201,917.9914,49,30.45,95,89.15,6.75,12,25
1480113902,910.21545,49,30.45,93,94.7,12.37,12,25
1480113607,567.8514,49,30.45,94,140.94,9.0,12,25
1480113301,615.1222,49,30.46,95,138.2,3.37,12,25
1480113003,837.3634,49,30.46,95,45.61,7.87,12,25
1480112703,944.4884,49,30.46,96,56.83,6.75,12,25
1480112402,899.8207,49,30.46,96,14.19,7.87,12,25
1480112105,663.61865,49,30.46,95,106.88,9.0,12,25
1480111802,953.85925,49,30.47,98,87.84,3.37,12,25
1480111501,936.2767,49,30.47,96,26.71,12.37,12,25
1480111208,914.99866,49,30.47,96,142.48,3.37,12,25
1480028102,469.77124,50,30.45,99,91.71,10.12,12,24
1480027805,217.26497,50,30.46,99,79.17,2.25,12,24
1480027503,631.46606,50,30.46,99,41.74,6.75,12,24
1480027205,460.2647,50,30.46,99,52.02,5.62,12,24
1480026902,565.2228,50,30.46,99,53.7,7.87,12,24
1480026602,498.45618,50,30.46,99,61.81,7.87,12,24
1480026303,425.30673,50,30.47,99,69.78,5.62,12,24
1480026002,559.7525,50,30.47,98,89.98,6.75,12,24
1480025702,740.6485,50,30.47,98,149.14,5.62,12,24
1480025403,632.08716,50,30.47,97,30.95,13.5,12,24
1480025105,540.92334,50,30.47,96,114.74,5.62,12,24
1480024803,949.60516,50,30.47,97,97.71,5.62,12,24
1479941701,864.4788,52,30.42,84,121.86,10.12,12,23
1479941405,763.598,52,30.42,90,45.25,3.37,12,23
1479941105,823.13995,53,30.42,89,17.22,4.5,12,23
1479940801,868.3699,52,30.42,83,54.35,2.25,12,23
1479940502,854.7752,52,30.42,86,6.75,4.5,12,23
1479940203,820.033,52,30.42,85,55.33,6.75,12,23
1479939901,846.77814,53,30.42,86,37.88,13.5,12,23
1479939601,786.9426,52,30.42,85,80.62,5.62,12,23
1479939301,812.99,52,30.42,84,45.91,6.75,12,23
1479939002,828.14777,52,30.42,85,19.84,5.62,12,23
1479938705,770.88153,52,30.43,88,87.81,6.75,12,23
1479938401,804.6114,52,30.43,87,14.18,6.75,12,23
1479855302,785.4398,48,30.4,102,78.91,6.75,12,22
1479855002,963.47406,48,30.4,102,12.53,7.87,12,22
1479854701,551.89777,48,30.4,102,114.61,3.37,12,22
1479854402,329.61465,48,30.4,102,91.99,9.0,12,22
1479854103,513.3367,48,30.4,102,83.1,6.75,12,22
1479853802,388.82602,48,30.4,102,215.19,3.37,12,22
1479853504,470.60526,48,30.41,102,67.63,6.75,12,22
1479853205,460.69052,49,30.41,102,63.05,5.62,12,22
1479852902,538.2959,49,30.41,102,119.29,5.62,12,22
1479852604,598.24725,49,30.41,102,48.17,7.87,12,22
1479852301,319.48242,48,30.41,102,75.71,7.87,12,22
1479852005,451.26483,49,30.42,102,66.98,10.12,12,22
1479768901,902.14026,58,30.41,88,145.57,9.0,12,21
1479768603,871.43207,58,30.41,88,91.67,12.37,12,21
1479768302,885.9062,57,30.41,90,35.02,11.25,12,21
1479768002,926.65186,57,30.41,91,161.26,9.0,12,21
1479767702,809.6693,57,30.41,95,32.48,4.5,12,21
1479767404,695.1629,56,30.41,95,17.7,6.75,12,21
1479767102,966.4653,56,30.41,97,14.47,4.5,12,21
1479766803,972.5743,56,30.42,97,41.96,12.37,12,21
1479766502,403.96747,56,30.42,96,11.49,7.87,12,21
1479766202,431.55148,56,30.42,96,75.14,9.0,12,21
1479765907,639.83777,56,30.42,94,79.45,9.0,12,21
1479765606,455.55106,57,30.42,94,54.07,6.75,12,21
1479682502,717.0139,54,30.41,98,76.51,5.62,12,20
1479682204,660.47705,54,30.42,98,198.63,5.62,12,20
1479681901,569.71954,53,30.41,99,41.65,9.0,12,20
1479681603,565.91205,53,30.42,99,65.85,11.25,12,20
1479681304,591.14825,53,30.42,98,91.29,10.12,12,20
1479681004,545.5313,53,30.42,99,118.72,6.75,12,20
1479680702,517.40234,53,30.42,99,36.51,7.87,12,20
1479680401,539.0293,54,30.42,99,51.51,10.12,12,20
1479680104,614.6976,54,30.42,99,2.86,4.5,12,20
1479679803,592.51843,54,30.43,99,271.29,4.5,12,20
1479679503,689.9499,54,30.43,98,4.89,3.37,12,20
1479679201,650.1766,54,30.43,97,0.1,5.62,12,20
1479596123,664.5229,55,30.42,67,28.63,9.0,12,19
1479595817,952.47375,54,30.42,71,50.06,10.12,12,19
1479595518,781.28827,54,30.42,72,130.96,4.5,12,19
1479595218,943.31854,54,30.42,71,49.32,12.37,12,19
1479594917,458.46194,55,30.43,68,109.13,13.5,12,19
1479594620,557.2353,55,30.43,65,113.63,7.87,12,19
1479594317,649.7084,55,30.43,54,56.59,10.12,12,19
1479594017,801.1536,55,30.43,57,58.9,3.37,12,19
1479593720,906.74536,55,30.43,59,290.76,10.12,12,19
1479593420,836.97125,55,30.44,58,55.53,5.62,12,19
1479593118,847.09406,55,30.44,62,164.42,5.62,12,19
1479592818,815.2081,56,30.44,60,27.75,9.0,12,19
1479509717,825.5482,61,30.41,27,46.11,4.5,12,18
1479509421,910.1282,61,30.42,35,337.94,6.75,12,18
1479509117,885.6382,61,30.42,36,81.77,9.0,12,18
1479508820,895.8195,61,30.42,43,63.2,10.12,12,18
1479508518,899.5668,61,30.41,37,345.6,2.25,12,18
1479508218,901.9025,61,30.41,38,19.32,3.37,12,18
1479507917,897.8214,60,30.41,35,44.85,5.62,12,18
1479507620,908.04474,59,30.41,56,123.94,5.62,12,18
1479507317,906.7909,58,30.41,73,51.4,5.62,12,18
1479507018,929.62146,58,30.42,81,30.18,5.62,12,18
1479506719,857.6505,57,30.41,79,66.34,5.62,12,18
1479506420,895.84766,56,30.42,80,164.35,3.37,12,18
1479423320,888.0913,61,30.42,32,47.43,11.25,12,17
1479423018,891.23236,61,30.43,33,43.99,13.5,12,17
1479422717,894.42065,61,30.43,29,38.88,4.5,12,17
1479422418,901.76105,61,30.43,27,80.12,13.5,12,17
1479422120,903.20465,61,30.43,28,350.22,6.75,12,17
1479421817,904.2245,61,30.43,27,359.91,7.87,12,17
1479421517,869.23083,61,30.43,27,75.46,3.37,12,17
1479421219,907.318,61,30.43,28,53.8,13.5,12,17
1479420920,908.35065,60,30.43,26,70.44,13.5,12,17
1479420617,908.216,60,30.44,28,109.35,9.0,12,17
1479420317,908.9779,61,30.44,29,336.24,13.5,12,17
1479420020,908.7745,60,30.44,30,224.87,4.5,12,17
1479336902,891.92346,65,30.44,18,150.83,3.37,12,16
1479336605,903.35455,64,30.44,29,102.7,7.87,12,16
1479336307,921.0332,64,30.44,32,82.64,11.25,12,16
1479336005,902.82965,64,30.44,29,90.72,10.12,12,16
1479335708,904.88763,64,30.45,30,268.2,2.25,12,16
1479335404,907.9047,64,30.45,27,351.26,14.62,12,16
1479335103,867.1065,64,30.45,23,65.06,7.87,12,16
1479334801,913.33673,64,30.45,28,42.0,7.87,12,16
1479334502,913.6853,64,30.45,28,75.48,3.37,12,16
1479334201,915.47845,64,30.46,30,40.36,7.87,12,16
1479333904,902.87616,63,30.46,23,125.54,4.5,12,16
1479333602,911.61847,63,30.46,38,57.64,5.62,12,16
1479250502,884.8752,54,30.45,98,203.59,5.62,12,15
1479250202,586.07965,54,30.45,100,52.39,1.12,12,15
1479249902,1157.1248,54,30.45,100,122.2,6.75,12,15
1479249602,595.8036,54,30.45,99,32.96,14.62,12,15
1479249305,578.5206,55,30.46,100,49.25,6.75,12,15
1479249002,940.10236,54,30.45,99,22.22,9.0,12,15
1479248702,733.9266,54,30.46,99,226.26,3.37,12,15
1479248402,652.3065,54,30.46,98,27.92,11.25,12,15
1479248104,581.75665,55,30.46,97,359.94,2.25,12,15
1479247801,521.4063,55,30.46,97,0.11,5.62,12,15
1479247504,576.6107,55,30.46,97,31.15,4.5,12,15
1479247201,720.01044,54,30.46,96,40.03,1.12,12,15
1479164101,645.1662,55,30.44,95,51.59,10.12,12,14
1479163802,340.62347,56,30.44,93,51.59,5.62,12,14
1479163501,992.2516,56,30.44,93,75.23,13.5,12,14
1479163202,480.7176,57,30.45,93,74.42,13.5,12,14
1479162902,1124.776,57,30.45,88,59.83,9.0,12,14
1479162604,944.0276,56,30.45,87,80.2,4.5,12,14
1479162303,984.42206,56,30.45,88,56.6,5.62,12,14
1479162007,323.6131,56,30.46,86,61.23,9.0,12,14
1479161701,1199.7102,56,30.46,86,91.59,3.37,12,14
1479161405,301.32938,55,30.46,86,57.08,12.37,12,14
1479161102,450.76108,54,30.46,89,149.65,10.12,12,14
1479160801,915.54407,53,30.47,95,324.04,2.25,12,14
1479077702,887.09515,58,30.44,65,7.13,6.75,12,13
1479077402,891.7969,59,30.44,63,26.02,9.0,12,13
1479077102,890.454,59,30.44,61,44.41,11.25,12,13
1479076802,901.48065,59,30.45,60,52.8,7.87,12,13
1479076502,900.2327,59,30.45,59,13.46,7.87,12,13
1479076202,904.7623,59,30.45,58,110.58,7.87,12,13
1479075902,904.50214,59,30.46,59,3.17,9.0,12,13
1479075601,907.36884,59,30.45,59,43.2,6.75,12,13
1479075301,906.0096,59,30.46,54,30.98,10.12,12,13
1479075002,888.76373,59,30.46,56,324.11,7.87,12,13
1479074702,877.397,59,30.46,59,79.11,5.62,12,13
1479074405,909.63995,59,30.46,60,79.06,6.75,12,13
1478991307,885.53394,62,30.46,50,55.02,6.75,12,12
1478991005,900.6306,62,30.46,51,63.48,6.75,12,12
1478990702,889.08154,62,30.46,51,33.97,9.0,12,12
1478990401,787.00146,61,30.47,52,43.47,9.0,12,12
1478990104,891.88806,62,30.47,52,13.93,9.0,12,12
1478989801,895.9501,62,30.47,52,26.64,11.25,12,12
1478989502,899.49194,62,30.47,51,33.64,7.87,12,12
1478989202,901.2565,62,30.47,49,33.09,6.75,12,12
1478988904,906.0694,62,30.47,51,22.63,6.75,12,12
1478988601,902.18646,62,30.47,49,19.95,9.0,12,12
1478988302,903.64465,62,30.47,48,80.78,3.37,12,12
1478988004,900.483,62,30.48,48,8.07,4.5,12,12
1478904904,872.2177,63,30.48,48,28.19,5.62,12,11
1478904604,887.75256,63,30.48,49,13.55,9.0,12,11
1478904302,878.3006,63,30.48,51,39.57,7.87,12,11
1478904002,876.86847,62,30.48,50,4.46,7.87,12,11
1478903702,884.18854,63,30.49,51,62.33,3.37,12,11
1478903402,889.9565,63,30.49,45,45.87,3.37,12,11
1478903107,900.78674,64,30.49,45,0.12,7.87,12,11
1478902802,899.1295,64,30.49,42,0.11,4.5,12,11
1478902514,892.66754,64,30.49,40,341.31,6.75,12,11
1478902204,894.69745,64,30.5,39,27.46,6.75,12,11
1478901903,896.333,64,30.5,36,358.45,7.87,12,11
1478901602,894.2611,64,30.5,36,336.47,4.5,12,11
1478818502,715.53644,63,30.45,66,0.17,10.12,12,10
1478818206,607.9461,63,30.45,58,47.25,4.5,12,10
1478817901,913.6443,63,30.45,65,358.3,7.87,12,10
1478817602,936.04407,62,30.45,64,24.47,4.5,12,10
1478817301,944.8708,63,30.45,65,12.78,6.75,12,10
1478817005,898.76105,64,30.45,64,359.93,10.12,12,10
1478816701,901.16125,64,30.46,58,14.92,5.62,12,10
1478816401,872.9707,65,30.46,58,0.11,13.5,12,10
1478816107,894.5994,64,30.46,39,291.84,11.25,12,10
1478815804,895.99634,63,30.46,44,38.68,2.25,12,10
1478815502,901.598,63,30.46,44,0.11,5.62,12,10
1478815202,895.2539,63,30.46,38,69.67,5.62,12,10
1478732102,860.5633,63,30.43,45,314.9,6.75,12,9
1478731802,867.85486,63,30.44,45,323.24,12.37,12,9
1478731505,899.12006,64,30.44,44,334.8,9.0,12,9
1478731205,881.5494,63,30.44,43,316.24,9.0,12,9
1478730905,888.4856,63,30.44,42,312.61,5.62,12,9
1478730602,906.9956,63,30.44,42,359.75,6.75,12,9
1478730304,888.2095,63,30.44,42,323.19,3.37,12,9
1478730001,887.90234,63,30.45,41,359.93,3.37,12,9
1478729702,885.19226,63,30.45,40,0.12,7.87,12,9
1478729402,885.06116,63,30.45,41,300.84,9.0,12,9
1478729102,891.85693,63,30.45,39,0.13,2.25,12,9
1478728801,891.64417,63,30.45,39,309.37,5.62,12,9
1478645702,312.58527,59,30.41,78,345.38,7.87,12,8
1478645402,283.34772,59,30.41,80,359.93,4.5,12,8
1478645101,320.32217,60,30.41,78,0.12,9.0,12,8
1478644804,582.6632,60,30.41,75,0.1,7.87,12,8
1478644505,813.53326,62,30.41,72,32.39,7.87,12,8
1478644202,278.28598,63,30.41,64,13.46,11.25,12,8
1478643902,899.7032,62,30.41,63,319.23,6.75,12,8
1478643602,880.48193,62,30.42,60,6.47,1.12,12,8
1478643304,886.3888,63,30.42,63,16.0,7.87,12,8
1478643002,862.1149,62,30.42,57,359.93,1.12,12,8
1478642702,891.672,63,30.42,62,359.93,4.5,12,8
1478642401,903.1225,62,30.42,59,51.41,4.5,12,8
1478559303,951.2726,63,30.43,37,341.58,5.62,12,7
1478559002,863.3877,63,30.43,37,261.15,2.25,12,7
1478558702,913.26337,64,30.44,38,0.11,7.87,12,7
1478558402,921.3842,64,30.44,38,346.47,6.75,12,7
1478558101,856.16785,63,30.44,38,14.02,11.25,12,7
1478557801,921.3737,64,30.44,32,66.73,4.5,12,7
1478557502,922.14435,63,30.44,35,50.64,9.0,12,7
1478557203,926.4432,63,30.44,35,336.46,0.0,12,7
1478556901,931.39154,63,30.44,33,336.48,9.0,12,7
1478556602,933.152,64,30.44,34,359.93,10.12,12,7
1478556302,931.28265,64,30.44,30,359.92,1.12,12,7
1478556001,928.2172,64,30.44,33,359.93,3.37,12,7
1478472902,909.04474,67,30.46,36,14.75,5.62,12,6
1478472603,916.9849,67,30.46,31,32.22,9.0,12,6
1478472302,924.7444,67,30.46,30,34.0,7.87,12,6
1478472005,921.09985,67,30.46,28,7.82,5.62,12,6
1478471702,930.089,67,30.47,28,19.29,9.0,12,6
1478471402,929.5095,67,30.47,27,15.46,10.12,12,6
1478471102,936.1681,66,30.47,26,356.41,10.12,12,6
1478470803,940.13434,66,30.47,25,50.42,4.5,12,6
1478470502,940.05884,67,30.47,25,336.44,6.75,12,6
1478470201,942.627,67,30.48,23,359.74,6.75,12,6
1478469901,942.2189,66,30.48,22,39.22,6.75,12,6
1478469606,939.7403,66,30.48,24,96.75,2.25,12,6
1478386501,919.84717,65,30.46,28,32.67,4.5,12,5
1478386201,932.3258,66,30.46,25,43.93,7.87,12,5
1478385905,928.2316,65,30.46,24,8.74,13.5,12,5
1478385602,933.2016,66,30.47,23,28.13,5.62,12,5
1478385301,934.83655,65,30.47,24,31.76,13.5,12,5
1478385002,938.0258,65,30.47,25,39.61,13.5,12,5
1478384702,936.17535,64,30.47,27,47.02,10.12,12,5
1478384402,938.1801,64,30.47,30,37.87,5.62,12,5
1478384105,910.4379,64,30.47,32,93.21,9.0,12,5
1478383802,941.54266,65,30.48,23,4.64,6.75,12,5
1478383504,940.85547,65,30.48,22,10.56,5.62,12,5
1478383202,938.17914,64,30.48,22,59.62,3.37,12,5
1478300119,920.18365,64,30.44,32,60.01,11.25,12,4
1478299817,923.9463,64,30.44,32,89.63,6.75,12,4
1478299518,915.4405,64,30.45,37,351.91,9.0,12,4
1478299221,929.26807,64,30.45,41,359.93,7.87,12,4
1478298918,933.6269,64,30.44,45,90.67,5.62,12,4
1478298618,936.17816,64,30.45,45,17.62,11.25,12,4
1478298318,939.02264,64,30.44,39,73.07,11.25,12,4
1478298018,939.18756,64,30.45,38,4.13,6.75,12,4
1478297719,936.4147,64,30.45,38,61.08,5.62,12,4
1478297419,941.6832,64,30.45,40,6.14,9.0,12,4
1478297119,941.9006,64,30.45,40,79.17,5.62,12,4
1478296818,944.35205,65,30.45,42,71.67,10.12,12,4
1478213718,916.90106,63,30.42,44,0.69,6.75,12,3
1478213417,922.065,63,30.42,41,51.28,11.25,12,3
1478213119,925.9387,63,30.42,42,41.42,10.12,12,3
1478212821,938.4812,64,30.43,39,20.96,9.0,12,3
1478212520,934.8264,64,30.43,39,14.23,6.75,12,3
1478212224,934.13403,65,30.43,40,1.21,11.25,12,3
1478211918,940.9947,65,30.43,35,56.31,9.0,12,3
1478211620,941.95874,65,30.43,35,14.79,10.12,12,3
1478211318,941.7903,65,30.43,35,26.76,5.62,12,3
1478211019,944.0519,65,30.43,34,35.15,11.25,12,3
1478210717,915.63617,65,30.43,36,227.77,3.37,12,3
1478210418,927.104,65,30.43,37,86.22,11.25,12,3
1478127322,937.03107,63,30.43,23,37.98,7.87,12,2
1478127020,938.096,63,30.43,22,24.7,4.5,12,2
1478126719,944.41437,63,30.43,20,51.48,6.75,12,2
1478126417,944.72546,63,30.43,19,155.73,3.37,12,2
1478126117,949.13153,62,30.44,22,62.89,2.25,12,2
1478125818,949.7589,62,30.44,22,19.88,5.62,12,2
1478125524,955.7733,63,30.44,24,31.08,7.87,12,2
1478125217,957.9642,63,30.44,22,19.21,1.12,12,2
1478124918,960.2417,63,30.45,23,72.97,11.25,12,2
1478124618,957.5573,63,30.45,23,336.45,2.25,12,2
1478124318,960.89496,63,30.45,17,62.35,6.75,12,2
1478124020,959.6815,63,30.45,23,17.48,9.0,12,2
1478040918,786.0125,59,30.47,39,80.13,2.25,12,1
1478040621,436.47574,59,30.47,40,147.86,5.62,12,1
1478040318,1029.9794,59,30.47,38,144.7,4.5,12,1
1478040018,940.56976,59,30.47,38,105.92,6.75,12,1
1478039718,1046.1239,59,30.47,41,133.18,1.12,12,1
1478039423,626.0682,58,30.47,44,74.13,3.37,12,1
1478039117,480.526,58,30.47,46,45.36,3.37,12,1
1478038818,1167.8877,57,30.47,44,102.46,4.5,12,1
1478038517,729.0889,57,30.48,45,33.72,7.87,12,1
1478038217,781.9058,57,30.47,47,60.9,7.87,12,1
1478037918,930.766,57,30.47,50,84.77,5.62,12,1
1478037617,476.37088,57,30.48,48,0.79,4.5,12,1
1483224901,387.13547,53,30.31,74,315.23,13.5,12,31
1483224606,246.05763,54,30.31,73,330.89,10.12,12,31
1483224302,532.28595,53,30.31,73,333.86,11.25,12,31
1483224004,810.7051,53,30.31,72,318.99,11.25,12,31
1483223701,761.9724,53,30.31,70,310.27,12.37,12,31
1483223402,461.80624,53,30.31,70,336.34,19.12,12,31
1483223101,540.2668,53,30.31,69,326.63,10.12,12,31
1483222801,701.26117,53,30.31,69,311.6,10.12,12,31
1483222502,509.93988,53,30.32,68,326.66,16.87,12,31
1483222202,525.22064,53,30.33,68,299.7,11.25,12,31
1483221902,379.35602,53,30.33,68,321.95,10.12,12,31
1483221601,532.2335,53,30.33,67,301.76,12.37,12,31
1483138202,337.60736,50,30.3,74,359.3,2.25,12,30
1483137901,320.8387,50,30.31,74,346.03,5.62,12,30
1483137605,315.54807,50,30.31,71,20.86,3.37,12,30
1483137301,343.77835,50,30.31,71,8.52,3.37,12,30
1483137005,345.21182,50,30.31,71,359.81,4.5,12,30
1483136702,373.86542,50,30.32,70,357.37,5.62,12,30
1483136402,377.38214,50,30.32,68,8.52,5.62,12,30
1483136103,364.80093,50,30.32,71,10.71,6.75,12,30
1483135803,351.83212,50,30.32,70,308.72,7.87,12,30
1483135505,362.35062,50,30.32,69,326.08,6.75,12,30
1483135206,379.38043,50,30.32,69,313.56,5.62,12,30
1483052102,588.0039,49,30.31,102,35.52,2.25,12,29
1483051805,507.82074,49,30.32,102,20.77,4.5,12,29
1483051502,434.94522,49,30.32,102,52.99,2.25,12,29
1483051204,496.5661,49,30.32,102,11.89,4.5,12,29
1483050903,450.0259,49,30.33,102,45.38,5.62,12,29
1483050602,504.1579,48,30.33,102,8.4,4.5,12,29
1483050302,447.36566,48,30.33,102,29.48,5.62,12,29
1483050001,497.663,48,30.33,102,61.81,4.5,12,29
1483049703,451.18222,48,30.33,102,41.92,4.5,12,29
1483049404,401.60873,49,30.34,102,62.71,4.5,12,29
1483049105,689.04486,48,30.34,102,72.67,6.75,12,29
1483048804,459.91632,48,30.34,102,15.54,3.37,12,29
1482965740,596.1905,52,30.37,88,52.26,10.12,12,28
1482965449,602.7201,52,30.37,90,36.14,3.37,12,28
1482965149,621.4839,52,30.38,89,107.97,5.62,12,28
1482964849,489.77838,52,30.38,89,122.32,7.87,12,28
1482964557,1024.3771,52,30.38,89,55.33,9.0,12,28
1482964251,531.1417,52,30.38,92,35.13,3.37,12,28
1482963939,958.25244,51,30.39,91,108.55,10.12,12,28
1482963649,1044.7164,51,30.39,90,23.93,2.25,12,28
1482963350,958.3332,50,30.39,94,21.29,3.37,12,28
1482963040,637.7631,50,30.39,97,76.39,4.5,12,28
1482962750,629.17566,50,30.39,98,83.74,6.75,12,28
1482962453,627.47577,50,30.39,97,56.78,7.87,12,28
1482879340,860.1818,59,30.41,22,80.65,9.0,12,27
1482879049,863.2295,59,30.41,22,131.06,11.25,12,27
1482878753,866.0376,59,30.42,22,90.81,12.37,12,27
1482878450,876.157,59,30.42,20,109.87,4.5,12,27
1482878149,865.71436,59,30.42,19,146.31,18.0,12,27
1482877846,869.8629,59,30.42,20,51.55,3.37,12,27
1482877550,857.6259,59,30.43,20,96.77,13.5,12,27
1482877249,816.218,59,30.43,20,77.25,18.0,12,27
1482876949,869.70984,59,30.43,20,160.27,5.62,12,27
1482876650,845.5475,59,30.44,20,73.63,3.37,12,27
1482876352,861.0265,59,30.44,20,10.77,3.37,12,27
1482876049,863.7138,59,30.44,20,139.96,7.87,12,27
1482792939,833.3315,59,30.45,33,107.56,12.37,12,26
1482792650,700.136,59,30.45,37,75.88,6.75,12,26
1482792350,920.0556,58,30.45,40,185.5,3.37,12,26
1482792040,869.6532,58,30.45,35,97.45,11.25,12,26
1482791750,757.78625,58,30.46,39,117.17,13.5,12,26
1482791440,750.85944,58,30.46,36,91.79,7.87,12,26
1482791150,730.575,58,30.46,35,158.61,4.5,12,26
1482790849,515.5494,59,30.46,35,64.65,5.62,12,26
1482790549,618.3932,59,30.46,33,40.14,7.87,12,26
1482790249,873.15436,59,30.47,33,178.63,6.75,12,26
1482789940,894.5561,58,30.47,34,25.51,5.62,12,26
1482789650,923.9764,58,30.47,35,231.38,3.37,12,26
1482706595,855.7956,53,30.43,91,106.52,13.5,12,25
1482706295,718.835,53,30.43,94,115.37,5.62,12,25
1482705985,735.3971,53,30.44,94,42.25,5.62,12,25
1482705699,866.68567,53,30.43,98,16.29,9.0,12,25
1482705385,949.30804,53,30.43,99,93.29,2.25,12,25
1482705096,626.35913,53,30.43,99,345.18,10.12,12,25
1482704796,823.2133,53,30.44,99,48.79,11.25,12,25
1482704495,824.6387,53,30.44,99,326.67,12.37,12,25
1482704195,660.41656,53,30.45,99,65.29,12.37,12,25
1482703885,1029.0599,53,30.45,99,38.36,7.87,12,25
1482703595,913.3667,53,30.45,98,105.6,3.37,12,25
1482703289,1020.8469,53,30.45,98,28.88,9.0,12,25
1482620152,861.0666,60,30.43,45,52.14,11.25,12,24
1482619851,864.21466,60,30.43,49,34.56,6.75,12,24
1482619540,866.5698,60,30.44,49,68.68,10.12,12,24
1482619251,890.1218,61,30.44,50,21.11,4.5,12,24
1482618939,875.84247,61,30.44,33,346.46,5.62,12,24
1482618649,869.3313,61,30.44,35,54.92,7.87,12,24
1482618349,867.19684,61,30.44,36,78.81,9.0,12,24
1482618040,865.53644,60,30.44,40,35.42,2.25,12,24
1482617750,865.7679,60,30.45,34,84.88,10.12,12,24
1482617439,864.74634,60,30.45,49,113.87,5.62,12,24
1482617150,858.9895,59,30.45,48,89.7,4.5,12,24
1482616839,865.3539,59,30.45,53,97.13,4.5,12,24
1482533749,848.8734,58,30.44,61,57.16,4.5,12,23
1482533450,852.11615,58,30.44,57,10.25,7.87,12,23
1482533149,852.58514,58,30.44,57,81.67,11.25,12,23
1482532839,855.30383,58,30.44,58,16.92,10.12,12,23
1482532550,852.84375,58,30.45,57,337.35,6.75,12,23
1482532249,854.64594,58,30.45,58,327.59,7.87,12,23
1482531940,858.06256,58,30.45,54,23.02,10.12,12,23
1482531650,855.4158,58,30.45,58,51.52,10.12,12,23
1482531349,854.7758,58,30.45,59,125.82,4.5,12,23
1482531083,856.99725,58,30.46,62,21.09,7.87,12,23
1482530779,852.8547,58,30.46,63,72.42,7.87,12,23
1482530439,852.73676,58,30.46,65,60.38,12.37,12,23
1482447353,853.6588,58,30.41,72,80.55,12.37,12,22
1482447050,897.60394,58,30.42,77,57.33,11.25,12,22
1482446749,862.21313,58,30.42,79,42.61,6.75,12,22
1482446449,855.3791,58,30.42,80,357.89,10.12,12,22
1482446139,853.20197,57,30.42,82,346.25,1.12,12,22
1482445849,911.4311,57,30.42,80,41.7,9.0,12,22
1482445556,856.43005,57,30.42,83,344.7,9.0,12,22
1482445249,859.65607,57,30.43,83,82.95,9.0,12,22
1482444949,851.9519,57,30.43,84,6.21,9.0,12,22
1482444649,763.03125,57,30.43,86,355.13,9.0,12,22
1482444349,849.94434,57,30.43,84,13.15,5.62,12,22
1482444040,849.745,57,30.44,85,347.46,4.5,12,22
1482360953,836.144,60,30.42,49,32.6,4.5,12,21
1482360639,838.7156,60,30.42,48,36.93,9.0,12,21
1482360350,842.23,60,30.42,53,359.82,4.5,12,21
1482360049,849.0629,60,30.42,52,42.34,4.5,12,21
1482359740,845.0158,60,30.42,50,20.62,4.5,12,21
1482359450,846.5872,60,30.43,49,20.03,6.75,12,21
1482359157,845.9251,59,30.43,38,47.02,1.12,12,21
1482358839,842.42584,59,30.43,50,81.64,9.0,12,21
1482358550,848.9114,59,30.43,52,14.89,9.0,12,21
1482358240,847.43317,59,30.43,53,79.78,7.87,12,21
1482357949,843.135,59,30.43,49,33.28,5.62,12,21
1482357649,840.0474,59,30.43,46,39.17,4.5,12,21
1482274517,794.2374,58,30.51,67,41.52,9.0,12,20
1482274217,818.5416,58,30.51,68,19.34,7.87,12,20
1482273919,815.7282,58,30.51,66,19.46,5.62,12,20
1482273618,783.20465,58,30.51,66,78.97,10.12,12,20
1482273317,807.602,58,30.51,66,57.01,5.62,12,20
1482273017,809.95917,58,30.52,67,118.57,7.87,12,20
1482272718,822.88434,58,30.52,66,122.04,7.87,12,20
1482272420,826.6473,58,30.52,66,44.82,6.75,12,20
1482272118,814.9704,58,30.52,66,59.1,5.62,12,20
1482271817,811.3188,58,30.52,66,334.72,5.62,12,20
1482271518,803.0006,58,30.53,67,64.56,15.75,12,20
1482271218,807.8746,58,30.53,66,57.71,3.37,12,20
1482188117,710.11035,59,30.5,75,42.15,6.75,12,19
1482187843,868.5219,59,30.5,73,2.9,5.62,12,19
1482187518,875.5505,60,30.51,72,28.2,6.75,12,19
1482187231,807.6875,60,30.51,67,92.22,4.5,12,19
1482186929,920.3297,60,30.51,67,359.82,2.25,12,19
1482186635,934.15857,60,30.51,65,336.67,4.5,12,19
1482186321,688.5386,60,30.51,61,241.97,1.12,12,19
1482186017,458.56253,59,30.51,65,223.29,3.37,12,19
1482185717,755.6701,58,30.51,65,221.61,2.25,12,19
1482185418,618.8938,57,30.51,77,200.27,4.5,12,19
1482185123,596.31775,56,30.51,80,82.07,9.0,12,19
1482184818,714.2563,56,30.52,79,185.01,4.5,12,19
1482101717,132.87282,48,30.37,97,296.01,3.37,12,18
1482101417,138.92717,48,30.37,96,283.89,3.37,12,18
1482101121,50.438396,49,30.38,95,274.72,3.37,12,18
1482100818,369.7325,50,30.38,93,2.47,10.12,12,18
1482100536,175.25113,51,30.37,93,328.4,4.5,12,18
1482100220,117.97396,53,30.37,94,216.0,11.25,12,18
1482099938,351.2574,53,30.38,95,182.33,4.5,12,18
1482099618,498.52847,52,30.38,97,193.54,9.0,12,18
1482099318,433.9165,51,30.38,95,143.27,6.75,12,18
1482099017,392.9541,51,30.37,97,136.24,7.87,12,18
1482098718,260.12283,51,30.37,97,201.77,7.87,12,18
1482098417,348.69797,51,30.37,97,181.17,4.5,12,18
1482015319,217.95224,55,30.26,76,0.3,1.12,12,17
1482015019,176.03087,55,30.26,78,353.52,5.62,12,17
1482014720,169.5405,55,30.26,81,359.41,12.37,12,17
1482014417,234.25795,54,30.27,80,336.44,5.62,12,17
1482014129,322.0745,54,30.27,83,307.88,3.37,12,17
1482013817,253.87805,53,30.27,84,10.02,7.87,12,17
1482013519,177.8104,54,30.28,84,0.33,14.62,12,17
1482013218,208.56978,54,30.28,82,11.39,7.87,12,17
1482012918,205.7725,54,30.28,82,10.7,7.87,12,17
1482012618,213.68011,53,30.28,82,14.97,6.75,12,17
1482012317,243.82228,53,30.28,83,69.51,9.0,12,17
1482012017,197.3358,53,30.29,86,27.58,3.37,12,17
1481928919,859.9998,61,30.24,29,217.97,27.0,12,16
1481928618,862.45746,62,30.24,32,207.75,20.25,12,16
1481928318,865.5924,61,30.25,35,191.96,13.5,12,16
1481928018,865.7782,60,30.25,40,152.56,9.0,12,16
1481927718,797.5519,58,30.25,47,189.57,14.62,12,16
1481927418,869.66675,55,30.25,53,195.82,4.5,12,16
1481927124,797.9652,53,30.26,75,40.74,3.37,12,16
1481926817,857.4143,53,30.26,77,71.08,2.25,12,16
1481926521,856.10895,52,30.26,76,70.32,6.75,12,16
1481926217,734.6204,53,30.26,78,25.88,5.62,12,16
1481925919,851.1067,54,30.26,70,0.28,16.87,12,16
1481925617,850.0763,53,30.26,77,28.85,6.75,12,16
1481842203,736.6507,53,30.24,87,325.12,12.37,12,15
1481841901,899.57434,53,30.24,89,271.47,11.25,12,15
1481841602,918.7724,53,30.24,90,296.21,13.5,12,15
1481841302,538.04944,52,30.24,92,311.2,11.25,12,15
1481841004,280.955,51,30.25,91,297.36,11.25,12,15
1481840725,404.7608,52,30.25,90,298.87,14.62,12,15
1481840402,1185.7543,52,30.25,90,265.38,13.5,12,15
1481840126,1086.1371,52,30.25,89,273.43,15.75,12,15
1481839802,1009.38544,52,30.25,92,267.13,19.12,12,15
1481839504,753.81415,50,30.25,93,287.3,16.87,12,15
1481839205,420.25772,50,30.26,94,288.56,14.62,12,15
1481756102,848.64545,54,30.28,73,323.37,10.12,12,14
1481755801,847.4797,54,30.28,75,319.47,9.0,12,14
1481755503,840.82904,54,30.28,76,306.27,14.62,12,14
1481755202,855.2844,54,30.28,73,328.06,13.5,12,14
1481754904,849.60803,54,30.29,75,336.82,12.37,12,14
1481754602,835.8224,54,30.29,74,286.53,11.25,12,14
1481754301,859.3268,53,30.29,74,317.65,12.37,12,14
1481754004,859.4438,53,30.29,76,307.63,12.37,12,14
1481753711,855.80994,53,30.29,77,298.3,11.25,12,14
1481753401,848.32056,53,30.29,76,306.71,10.12,12,14
1481753107,859.2536,53,30.29,74,291.87,10.12,12,14
1481752802,856.76074,52,30.29,76,300.18,12.37,12,14
1481669702,840.57416,53,30.29,89,314.76,15.75,12,13
1481669401,846.5905,53,30.29,88,317.22,14.62,12,13
1481669101,858.02155,53,30.29,87,312.13,15.75,12,13
1481668801,849.72974,53,30.3,88,314.3,12.37,12,13
1481668502,853.32697,52,30.29,86,294.5,12.37,12,13
1481668205,854.2094,52,30.3,86,303.46,14.62,12,13
1481667902,853.75134,52,30.3,85,302.95,13.5,12,13
1481667604,851.4206,52,30.3,87,329.69,14.62,12,13
1481667302,853.2063,52,30.3,88,287.11,12.37,12,13
1481667002,866.6212,52,30.3,88,294.88,15.75,12,13
1481666701,743.8199,52,30.3,86,294.49,18.0,12,13
1481666401,847.1915,52,30.31,87,328.17,14.62,12,13
1481583302,247.19032,51,30.33,101,13.84,2.25,12,12
1481583004,135.49957,51,30.34,101,0.34,3.37,12,12
1481582701,225.36629,51,30.34,101,307.44,0.0,12,12
1481582402,202.6181,51,30.34,101,307.44,1.12,12,12
1481582102,181.20793,51,30.35,101,307.44,3.37,12,12
1481581802,163.3401,51,30.35,101,307.31,2.25,12,12
1481581502,174.05505,51,30.35,101,309.76,3.37,12,12
1481581207,155.17308,51,30.35,100,312.6,4.5,12,12
1481580907,178.35725,51,30.35,100,298.44,4.5,12,12
1481580602,151.66809,51,30.36,100,305.42,6.75,12,12
1481580302,150.00774,52,30.36,100,306.45,5.62,12,12
1481580002,133.66634,52,30.36,99,314.3,5.62,12,12
1481496966,175.70692,53,30.39,100,335.18,16.87,12,11
1481496665,188.36533,53,30.39,100,320.24,12.37,12,11
1481496365,170.19774,54,30.39,100,322.39,9.0,12,11
1481496058,165.70265,53,30.39,100,340.71,6.75,12,11
1481495755,138.90654,53,30.39,100,328.76,6.75,12,11
1481495456,210.4919,53,30.39,100,322.05,4.5,12,11
1481495168,91.47772,53,30.39,100,333.03,7.87,12,11
1481494865,148.64473,53,30.39,99,322.44,4.5,12,11
1481494565,102.41871,54,30.4,99,327.28,7.87,12,11
1481494267,171.20142,54,30.4,98,338.74,9.0,12,11
1481493966,289.01315,54,30.4,97,338.69,4.5,12,11
1481493665,242.53145,54,30.4,98,339.49,3.37,12,11
1481410540,166.6494,53,30.37,95,13.06,3.37,12,10
1481410239,211.90408,53,30.37,93,12.84,3.37,12,10
1481409950,260.54443,53,30.38,92,0.49,2.25,12,10
1481409639,138.7767,53,30.38,92,339.94,3.37,12,10
1481409350,142.47517,53,30.38,93,338.88,0.0,12,10
1481409052,151.8584,53,30.39,94,338.86,0.0,12,10
1481408750,171.50581,53,30.39,94,338.86,1.12,12,10
1481408450,198.98445,54,30.39,95,338.85,3.37,12,10
1481408150,203.82436,54,30.39,95,337.93,3.37,12,10
1481407841,218.81097,54,30.39,93,336.26,2.25,12,10
1481407540,216.3378,54,30.39,94,336.44,3.37,12,10
1481407249,213.18849,54,30.4,92,350.28,4.5,12,10
1481324149,120.85593,53,30.37,95,343.17,5.62,12,9
1481323841,138.85045,53,30.38,95,327.63,6.75,12,9
1481323551,230.83644,53,30.38,95,317.83,4.5,12,9
1481323249,215.0264,53,30.38,95,310.33,4.5,12,9
1481322950,199.63478,53,30.39,94,297.69,4.5,12,9
1481322640,212.6193,53,30.38,94,336.34,2.25,12,9
1481322353,229.98607,53,30.38,93,318.24,3.37,12,9
1481322050,234.95412,53,30.39,94,300.07,2.25,12,9
1481321740,349.25537,53,30.39,93,298.07,5.62,12,9
1481321450,365.78616,53,30.39,92,313.02,4.5,12,9
1481321150,226.87134,53,30.39,90,319.07,5.62,12,9
1481320851,264.7633,54,30.4,87,304.26,9.0,12,9
1481237750,416.67816,57,30.36,89,73.11,5.62,12,8
1481237449,404.76053,57,30.36,88,101.38,4.5,12,8
1481237140,409.27472,57,30.37,88,97.36,4.5,12,8
1481236850,390.0038,57,30.37,85,75.79,7.87,12,8
1481236549,396.29645,58,30.37,86,108.3,1.12,12,8
1481236253,422.43768,58,30.37,85,110.12,6.75,12,8
1481235950,424.75705,58,30.37,84,62.61,4.5,12,8
1481235642,406.646,58,30.37,82,66.01,3.37,12,8
1481235349,402.45245,58,30.38,80,59.44,4.5,12,8
1481235040,413.60916,58,30.38,82,104.13,3.37,12,8
1481234779,414.78522,58,30.38,83,123.13,6.75,12,8
1481234440,457.42398,57,30.38,84,103.25,4.5,12,8
1480978549,80.606064,45,30.35,93,294.72,14.62,12,5
1480978250,136.13808,45,30.35,93,305.92,11.25,12,5
1480977955,59.102066,45,30.35,93,325.93,9.0,12,5
1480977649,80.001045,45,30.35,93,310.59,3.37,12,5
1480977350,98.90937,45,30.35,93,299.73,6.75,12,5
1480977049,140.5558,45,30.35,93,318.72,10.12,12,5
1480976750,70.512856,45,30.35,93,299.19,6.75,12,5
1480976443,44.817356,45,30.36,93,310.0,9.0,12,5
1480976140,40.63357,45,30.36,93,305.3,7.87,12,5
1480975849,44.981464,45,30.36,93,326.22,5.62,12,5
1480975542,60.1841,45,30.36,93,321.14,4.5,12,5
1480975242,70.15768,45,30.36,93,332.82,5.62,12,5
1480892133,162.5661,45,30.36,93,163.38,5.62,12,4
1480891834,343.67966,45,30.36,93,64.32,5.62,12,4
1480891534,188.75696,45,30.36,93,140.11,13.5,12,4
1480891233,208.20435,45,30.36,93,139.53,5.62,12,4
1480890934,198.23883,45,30.36,93,115.85,6.75,12,4
1480890629,244.25879,45,30.36,93,176.98,10.12,12,4
1480890334,169.58652,45,30.36,93,143.86,3.37,12,4
1480890036,208.61148,45,30.36,93,150.9,10.12,12,4
1480889736,143.17372,45,30.37,93,145.56,5.62,12,4
1480889434,132.12907,45,30.37,93,161.29,3.37,12,4
1480889134,114.37013,45,30.37,93,165.1,5.62,12,4
1480888833,184.82816,45,30.37,93,163.7,11.25,12,4
1480805736,100.665276,45,30.29,93,313.32,5.62,12,3
1480805433,223.49864,45,30.29,93,291.65,3.37,12,3
1480805134,447.3115,45,30.29,93,320.24,4.5,12,3
1480804846,190.37776,45,30.3,93,325.72,5.62,12,3
1480804533,257.53488,45,30.3,93,320.82,5.62,12,3
1480804223,266.8484,45,30.3,93,330.79,4.5,12,3
1480803933,290.09293,45,30.3,93,302.25,6.75,12,3
1480803635,305.7269,45,30.31,93,299.43,6.75,12,3
1480803334,280.80087,45,30.31,93,310.79,4.5,12,3
1480803036,256.9443,45,30.32,93,310.62,4.5,12,3
1480802733,186.02452,45,30.32,93,299.3,4.5,12,3
1480802434,187.8481,45,30.32,93,315.16,6.75,12,3
1480719317,109.69494,45,30.37,93,156.62,3.37,12,2
1480719010,106.147354,45,30.37,93,155.54,6.75,12,2
1480718718,104.09289,45,30.38,93,157.4,5.62,12,2
1480718418,105.83956,45,30.38,93,151.02,4.5,12,2
1480718117,105.93784,45,30.38,93,158.53,9.0,12,2
1480717817,106.519264,45,30.38,93,152.4,4.5,12,2
1480717518,105.266785,45,30.38,93,142.21,4.5,12,2
1480717218,132.69904,45,30.38,93,148.35,4.5,12,2
1480716920,167.73883,45,30.39,93,157.44,3.37,12,2
1480716618,140.78996,45,30.39,93,171.72,4.5,12,2
1480716309,171.05104,45,30.39,93,178.87,4.5,12,2
1480716017,160.03244,45,30.39,93,157.25,3.37,12,2
1480632903,239.28154,45,30.39,93,68.4,4.5,12,1
1480632602,116.66716,45,30.4,93,73.4,3.37,12,1
1480632301,98.21633,45,30.4,93,104.58,12.37,12,1
1480632003,166.91557,45,30.4,93,111.19,15.75,12,1
1480631704,118.91233,45,30.4,93,163.99,12.37,12,1
1480631401,160.51431,45,30.4,93,159.64,13.5,12,1
1480631102,142.68881,45,30.4,93,162.31,13.5,12,1
1480630801,78.252426,45,30.41,93,151.19,10.12,12,1
1480630502,82.64707,45,30.41,93,164.11,9.0,12,1
1480630202,75.265045,45,30.41,93,170.78,14.62,12,1
1480629902,50.64486,45,30.41,93,199.22,9.0,12,1
1480629603,40.0062,45,30.4,93,154.87,20.25,12,1
